"codigo_ocorrencia";"codigo_ocorrencia_tipo"
45331;1
45332;2
45333;3
45334;4
45390;5
45391;3
45392;6
45393;7
45393;2
45396;8
45397;3
45399;3
45400;9
45401;3
45405;10
45407;2
45408;6
45409;6
45410;2
45412;11
45413;12
45414;8
45414;3
45415;2
45417;13
45447;3
45466;14
45469;15
45470;10
45487;3
45490;16
45522;2
45523;3
45524;7
45524;2
45525;3
45526;12
45527;6
45528;17
45564;3
45569;3
45570;6
45571;18
45572;6
45573;19
45579;12
45580;12
45582;8
45582;7
45584;14
45585;12
45586;12
45587;2
45588;20
45589;21
45589;6
45594;3
45596;6
45597;8
45597;7
45598;2
45599;8
45600;3
45601;22
45604;22
45609;23
45610;24
45611;25
45612;2
45618;3
45619;6
45624;26
45625;4
45647;19
45651;3
45652;6
45653;2
45654;8
45654;7
45656;8
45658;4
45667;3
45668;27
45669;28
45670;29
45671;3
45677;10
45678;18
45680;10
45681;23
45682;22
45684;27
45685;30
45686;23
45689;22
45691;23
45692;23
45693;18
45694;4
45695;31
45696;24
45697;18
45698;32
45699;31
45700;20
45701;29
45703;4
45705;4
45706;8
45707;4
45709;23
45710;18
45711;24
45712;3
45713;24
45714;18
45715;18
45718;4
45719;2
45727;29
45728;20
45729;2
45729;25
45730;7
45730;2
45731;3
45732;6
45733;8
45734;3
45746;6
45747;14
45748;8
45749;8
45750;6
45751;2
45751;25
45752;7
45752;2
45753;7
45753;13
45754;7
45754;2
45755;2
45756;29
45757;6
45759;18
45773;4
45774;8
45775;4
45776;3
45777;33
45778;4
45779;12
45780;34
45781;18
45783;29
45784;20
45785;35
45786;4
45789;36
45790;4
45791;3
45792;23
45793;4
45794;20
45795;37
45796;31
45797;2
45798;2
45799;3
45800;8
45801;38
45802;18
45803;29
45804;3
45819;3
45820;12
45821;12
45822;3
45829;12
45830;2
45831;2
45833;3
45834;18
45835;2
45841;29
45842;39
45843;22
45844;26
45845;32
45849;2
45850;29
45853;15
45854;8
45856;40
45857;6
45859;8
45860;29
45861;11
45862;9
45864;27
45865;11
45866;12
45867;12
45887;8
45889;2
45890;11
45891;8
45892;3
45894;12
45895;24
45897;18
45898;8
45899;2
45900;12
45901;29
45902;6
45903;22
45904;4
45912;2
45913;3
45914;2
45915;2
45916;22
45917;29
45918;29
45927;8
45928;41
45929;25
45931;8
45932;8
45932;7
45933;3
45934;29
45935;2
45936;3
45937;25
45938;25
45939;6
45941;3
45942;8
45943;29
45944;13
45945;8
45946;23
45947;11
45948;4
45949;4
45950;2
45951;37
45952;3
45959;22
45960;4
45964;23
45972;4
45973;28
45980;29
45981;31
45982;22
45983;3
45985;18
45989;18
46019;4
46022;23
46024;7
46024;2
46026;42
46029;11
46032;22
46036;29
46038;7
46038;2
46042;3
46043;8
46043;7
46045;17
46046;4
46048;4
46048;7
46049;12
46052;3
46053;22
46055;43
46056;18
46067;27
46068;29
46069;12
46070;24
46072;2
46073;3
46092;44
46093;17
46094;7
46094;2
46095;6
46096;4
46098;3
46105;29
46106;32
46109;29
46110;18
46111;29
46116;3
46117;29
46152;45
46153;6
46154;8
46155;22
46156;2
46157;26
46158;2
46159;8
46160;11
46161;3
46170;19
46171;18
46172;17
46173;3
46178;2
46179;2
46180;36
46181;25
46187;15
46188;2
46189;23
46190;29
46191;23
46192;4
46193;24
46194;22
46195;23
46196;40
46197;2
46198;2
46199;17
46200;3
46201;8
46202;45
46209;29
46210;34
46211;18
46212;2
46213;3
46214;27
46215;27
46216;18
46217;3
46218;22
46219;4
46253;18
46255;46
46256;42
46257;3
46258;19
46259;47
46259;7
46260;23
46261;12
46263;25
46264;27
46279;8
46280;12
46281;7
46281;2
46282;14
46296;18
46297;10
46298;2
46299;2
46300;4
46301;41
46302;2
46305;6
46306;2
46307;4
46308;17
46309;29
46310;29
46311;2
46312;3
46336;2
46337;7
46337;2
46338;29
46339;6
46340;13
46341;31
46342;23
46344;2
46345;2
46346;23
46347;2
46348;32
46349;2
46350;18
46354;6
46356;6
46358;4
46359;4
46362;18
46368;6
46371;23
46373;3
46377;18
46378;27
46379;24
46411;24
46412;36
46413;14
46414;12
46415;18
46416;13
46417;6
46418;24
46419;16
46431;18
46432;6
46433;3
46434;5
46435;6
46436;3
46437;6
46438;3
46439;2
46443;3
46444;24
46445;8
46446;7
46446;2
46448;3
46449;7
46449;2
46450;14
46451;27
46452;4
46453;28
46454;18
46455;10
46456;4
46471;3
46472;4
46473;4
46474;4
46475;17
46476;24
46477;29
46478;20
46479;13
46480;4
46481;24
46484;8
46485;3
46486;4
46487;10
46495;18
46496;15
46497;2
46498;6
46499;3
46512;17
46513;14
46514;2
46515;24
46516;3
46517;4
46518;4
46519;20
46520;18
46521;4
46522;28
46523;4
46562;6
46563;3
46564;3
46565;27
46566;14
46567;47
46568;3
46569;29
46570;25
46571;6
46572;2
46573;2
46574;10
46575;10
46576;3
46577;3
46581;6
46582;20
46583;17
46584;3
46585;6
46586;12
46587;8
46588;29
46589;2
46590;2
46591;45
46592;7
46592;2
46593;8
46594;8
46597;14
46598;4
46599;23
46600;4
46601;13
46602;14
46603;29
46604;4
46605;4
46606;4
46612;8
46613;23
46614;29
46615;4
46616;4
46617;18
46618;4
46624;18
46625;18
46626;15
46627;22
46628;4
46629;12
46630;2
46633;3
46638;20
46639;36
46640;18
46647;34
46648;20
46649;18
46650;18
46651;10
46652;18
46653;20
46655;17
46671;32
46672;43
46673;23
46674;18
46675;34
46676;22
46677;22
46679;12
46680;29
46681;29
46682;8
46683;4
46684;4
46685;29
46686;29
46687;29
46688;3
46689;18
46691;20
46692;29
46693;3
46694;20
46695;22
46696;48
46698;23
46699;27
46701;29
46702;6
46703;17
46704;29
46705;7
46705;14
46706;13
46707;23
46708;2
46710;18
46712;7
46712;2
46713;4
46714;4
46715;49
46716;4
46717;27
46718;22
46719;4
46720;22
46721;23
46722;4
46723;18
46734;3
46735;2
46746;12
46747;6
46748;7
46748;2
46749;18
46750;4
46751;7
46752;6
46753;17
46754;14
46755;2
46756;6
46757;12
46758;4
46759;20
46760;18
46761;8
46762;28
46763;50
46764;11
46765;4
46766;22
46767;18
46768;30
46780;29
46781;36
46782;20
46783;18
46784;18
46785;3
46786;8
46787;37
46788;31
46789;18
46790;29
46791;40
46792;4
46793;18
46811;29
46812;13
46813;4
46814;18
46819;4
46820;3
46821;4
46822;17
46823;27
46839;3
46840;6
46841;13
46842;6
46844;2
46845;36
46846;29
46847;3
46850;14
46852;6
46853;14
46854;6
46855;17
46856;8
46857;51
46857;6
46858;3
46859;3
46860;3
46861;2
46862;29
46863;8
46864;2
46865;8
46866;31
46868;18
46869;29
46870;29
46871;13
46872;6
46873;3
46874;24
46876;4
46877;22
46878;38
46879;2
46881;2
46883;2
46884;20
46885;4
46896;3
46897;3
46898;3
46900;6
46901;8
46904;3
46905;17
46910;27
46914;2
46916;6
46918;9
46919;2
46921;2
46922;4
46969;20
46972;13
46973;3
46977;36
46980;3
46982;24
46984;20
46987;2
47011;2
47012;42
47013;2
47014;17
47015;12
47016;6
47017;6
47018;42
47019;36
47023;29
47024;2
47025;3
47042;27
47047;6
47048;2
47049;29
47050;29
47052;23
47053;18
47054;4
47055;25
47056;29
47057;18
47058;29
47059;8
47060;37
47061;18
47062;2
47063;4
47064;4
47065;18
47074;3
47075;34
47080;3
47081;3
47082;36
47083;27
47084;23
47085;8
47086;4
47087;23
47095;52
47096;20
47097;20
47098;20
47099;20
47100;3
47102;25
47108;6
47109;17
47110;6
47111;4
47112;4
47113;4
47114;37
47115;37
47116;4
47117;37
47131;4
47132;14
47133;2
47134;12
47138;3
47142;6
47143;4
47144;8
47145;8
47146;29
47153;8
47154;3
47155;6
47156;6
47158;2
47159;2
47200;4
47201;8
47207;49
47208;29
47209;10
47210;29
47211;4
47213;19
47217;3
47219;4
47245;39
47246;4
47296;36
47297;2
47298;24
47299;23
47300;38
47302;4
47304;41
47305;18
47309;29
47310;4
47311;4
47312;4
47313;4
47314;18
47332;18
47333;13
47334;8
47339;6
47351;2
47353;8
47354;3
47422;2
47423;18
47432;22
47433;23
47434;4
47435;12
47436;23
47437;22
47647;18
47648;3
47649;3
47650;6
47651;12
47652;2
47659;6
47661;24
47665;2
47674;12
47675;37
47694;2
47697;2
47698;12
47699;18
47704;27
47707;18
47709;4
47755;23
47759;27
47761;23
47762;18
47763;20
47765;20
47766;23
47767;23
47768;27
47769;4
47872;6
47876;3
47879;3
47888;27
47894;17
47901;8
47926;29
47936;18
47938;24
47939;8
47965;3
47966;11
47979;36
47980;3
47981;6
47983;12
47992;13
47998;2
48012;6
48013;6
48014;2
48053;3
48055;6
48058;24
48064;4
48074;3
48078;34
48083;4
48091;4
48096;2
48102;3
48103;31
48104;19
48105;4
48107;4
48109;18
48110;8
48112;22
48113;2
48114;24
48142;53
48144;29
48145;53
48159;4
48162;18
48163;22
48172;23
48219;23
48429;14
48438;25
48442;4
48446;8
48451;2
48474;3
48512;18
48516;20
48578;22
48580;29
48582;8
48584;3
48630;3
48652;54
48653;27
48654;14
48656;29
48657;29
48658;3
48659;19
48660;8
48661;2
48662;8
48691;13
48693;23
48694;4
48696;13
48711;8
48714;13
48716;20
48727;16
48729;3
48731;8
48734;3
48736;8
48738;3
48739;4
48751;4
48753;27
48754;18
48755;29
48757;20
48759;29
48761;23
48762;40
48772;8
48791;29
48793;13
48795;12
48796;3
48797;2
48797;25
48799;8
48799;7
48800;12
48801;6
48803;2
48804;3
48812;29
48813;18
48816;33
48832;23
48833;29
48837;27
48848;24
48850;23
48852;24
48871;32
48876;14
48878;8
48879;2
48881;2
48883;8
48884;18
48893;29
48894;23
48895;23
48896;23
48897;36
48898;8
48899;2
48912;37
48915;53
49053;6
49113;27
49115;3
49116;2
49117;8
49118;12
49119;2
49120;36
49121;2
49122;14
49123;3
49124;8
49125;17
49152;2
49154;2
49155;18
49156;2
49157;2
49158;55
49158;6
49171;22
49192;29
49194;3
49233;3
49237;6
49252;8
49254;29
49255;3
49258;2
49261;11
49262;23
49263;12
49264;3
49265;29
49267;56
49269;29
49271;29
49272;31
49274;18
49276;18
49278;18
49279;18
49280;18
49281;29
49282;29
49283;34
49284;29
49285;18
49286;18
49288;4
49289;4
49290;29
49291;27
49292;4
49294;4
49295;3
49451;2
49454;3
49472;24
49473;3
49474;20
49475;8
49476;27
49478;47
49479;2
49493;8
49494;2
49511;41
49513;3
49514;24
49515;29
49516;4
49517;4
49518;18
49519;33
49520;4
49521;3
49522;4
49523;4
49524;22
49525;24
49527;2
49528;4
49529;4
49532;8
49533;23
49534;22
49536;2
49537;4
49538;25
49539;8
49591;3
49592;6
49593;3
49594;3
49611;18
49612;2
49614;8
49615;2
49616;17
49617;8
49618;31
49619;2
49620;2
49621;25
49623;18
49624;18
49632;4
49634;24
49635;4
49636;4
49637;12
49638;18
49639;4
49640;18
49641;4
49642;20
49644;23
49651;3
49671;6
49672;17
49673;2
49691;4
49692;37
49693;4
49694;22
49695;4
49696;27
49697;4
49698;8
49699;4
49700;29
49702;18
49703;4
49704;18
49705;29
49706;23
49708;4
49709;4
49710;4
49711;29
49712;23
49751;2
49752;18
49753;29
49754;31
49792;19
49792;6
49795;3
49796;3
49797;8
49798;8
49814;2
49819;3
49831;3
49832;3
49833;18
49834;4
49876;27
49878;3
49880;3
49882;3
49892;3
49911;6
49931;8
49932;2
49933;6
49934;14
49935;8
49951;8
49953;29
49954;4
49955;4
49956;4
49957;23
49958;36
49959;4
49961;4
49962;18
49963;4
49964;18
49965;18
49966;11
49967;38
49968;18
50053;2
50091;12
50093;17
50095;29
50097;25
50099;14
50131;2
50132;45
50152;28
50153;4
50173;34
50174;29
50176;29
50192;23
50211;18
50213;4
50214;20
50233;40
50234;2
50236;12
50238;3
50239;3
50240;29
50245;12
50246;18
50248;6
50251;2
50252;3
50253;12
50254;23
50255;8
50257;23
50258;29
50259;18
50260;29
50271;22
50273;23
50275;24
50276;23
50291;40
50292;6
50313;14
50314;3
50315;2
50317;6
50318;6
50319;13
50320;6
50321;36
50322;14
50324;3
50325;4
50331;18
50332;18
50333;3
50334;3
50335;17
50337;6
50339;3
50341;2
50342;29
50343;13
50344;14
50346;14
50347;2
50348;6
50349;29
50352;36
50353;6
50354;12
50371;20
50372;4
50373;27
50374;29
50375;17
50376;18
50377;4
50378;4
50379;4
50380;4
50381;4
50382;43
50383;4
50384;22
50388;18
50389;18
50390;4
50399;4
50412;29
50431;29
50433;12
50434;8
50435;8
50453;17
50511;12
50513;8
50515;11
50516;25
50517;22
50531;15
50532;29
50533;8
50534;29
50535;18
50542;22
50543;29
50544;4
50545;29
50546;29
50547;22
50549;18
50551;4
50552;18
50554;29
50556;29
50557;29
50558;29
50559;17
50560;4
50561;20
50562;20
50563;23
50564;34
50565;18
50654;18
50672;12
50673;23
50674;4
50692;29
50693;19
50712;36
50713;2
50714;14
50753;3
50771;2
50791;12
50792;3
50794;3
50797;18
50799;3
50800;2
50801;39
50802;6
50803;2
50804;6
50805;12
50806;40
50807;3
50808;16
50809;36
50810;4
50812;18
50831;6
50838;6
50916;37
50918;6
50919;12
50921;34
50922;3
50923;3
50952;3
50972;3
50973;2
50974;6
50975;3
50976;17
50977;12
50978;11
50979;14
50980;29
50981;6
50983;3
50984;6
50985;2
50991;36
50992;6
50993;50
50994;3
50995;6
50996;12
50998;24
50999;8
51000;8
51001;12
51002;3
51003;3
51004;6
51005;2
51006;3
51007;8
51008;14
51009;6
51010;6
51011;18
51012;36
51013;19
51015;3
51016;2
51017;8
51018;22
51019;13
51020;10
51021;29
51022;17
51023;2
51024;14
51025;2
51026;2
51027;27
51031;17
51032;2
51033;57
51052;14
51053;3
51054;3
51055;12
51071;3
51072;3
51073;31
51074;58
51075;29
51076;14
51077;20
51078;11
51079;58
51080;39
51081;18
51082;26
51083;23
51084;29
51086;29
51087;13
51091;18
51092;18
51093;29
51094;29
51095;18
51096;23
51097;18
51098;10
51099;22
51111;34
51112;4
51131;10
51132;52
51133;18
51134;23
51135;29
51137;4
51139;29
51140;3
51141;4
51142;20
51143;4
51144;29
51145;24
51146;4
51147;2
51148;11
51149;18
51151;4
51153;2
51154;29
51155;31
51156;29
51157;4
51158;4
51159;29
51160;22
51161;4
51162;23
51163;12
51164;22
51165;18
51179;38
51181;10
51182;18
51185;18
51186;22
51189;24
51211;22
51258;3
51259;4
51260;4
51261;18
51262;24
51263;29
51264;18
51265;24
51266;18
51267;36
51268;4
51269;18
51285;29
51302;18
51304;23
51307;18
51308;18
51309;18
51310;18
51314;31
51315;13
51317;23
51318;41
51319;29
51320;3
51321;4
51322;18
51323;23
51324;18
51325;4
51326;3
51327;4
51328;26
51330;30
51336;4
51337;4
51338;8
51339;18
51340;4
51341;4
51342;3
51343;18
51344;18
51345;18
51346;23
51347;23
51391;8
51393;6
51394;3
51412;6
51413;2
51414;57
51416;6
51417;24
51418;3
51419;36
51420;3
51421;3
51432;36
51433;39
51434;3
51435;12
51436;46
51437;3
51438;18
51439;13
51440;2
51441;14
51442;12
51443;25
51444;18
51445;2
51446;8
51448;14
51449;8
51451;22
51452;22
51453;4
51454;10
51455;20
51456;39
51457;10
51458;26
51459;18
51460;23
51461;4
51462;4
51463;18
51464;4
51465;8
51471;4
51472;2
51473;18
51474;23
51475;4
51477;4
51478;4
51479;4
51480;3
51481;27
51482;18
51517;17
51531;3
51532;41
51533;8
51534;18
51535;12
51536;2
51537;18
51538;58
51539;29
51540;12
51541;4
51542;18
51543;41
51544;7
51545;29
51546;10
51547;8
51548;4
51549;3
51550;23
51551;24
51552;43
51553;23
51554;23
51555;22
51556;43
51557;18
51558;3
51559;34
51567;2
51568;25
51569;4
51570;7
51571;4
51591;4
51592;28
51593;18
51594;18
51596;17
51597;18
51653;6
51654;12
51655;24
51656;20
51671;2
51672;6
51673;29
51674;14
51675;3
51676;3
51691;18
51692;4
51693;34
51694;4
51695;23
51711;18
51712;4
51713;29
51716;3
51719;2
51720;39
51731;3
51732;4
51733;18
51734;31
51735;4
51740;18
51741;18
51751;5
51752;2
51753;6
51754;3
51755;2
51756;17
51757;3
51758;23
51759;4
51760;18
51761;4
51762;2
51763;29
51764;28
51765;22
51766;23
51768;20
51884;3
51885;37
51886;23
51887;18
51888;22
51991;18
52051;4
52053;27
52054;24
52055;18
52056;18
52057;8
52058;2
52059;3
52060;24
52061;31
52062;29
52063;22
52064;29
52065;4
52066;29
52067;18
52068;4
52069;8
52070;8
52071;29
52072;4
52073;29
52231;8
52240;3
52241;8
52242;4
52243;23
52244;8
52245;4
52246;32
52247;3
52248;4
52262;36
52263;14
52264;14
52265;6
52271;12
52273;40
52274;3
52275;2
52276;36
52277;6
52278;6
52279;12
52280;3
52281;2
52282;3
52283;6
52284;20
52285;41
52286;2
52287;28
52288;22
52289;14
52290;2
52291;2
52292;8
52293;25
52295;4
52296;3
52297;22
52298;3
52300;20
52301;18
52302;18
52303;29
52304;3
52305;23
52306;2
52307;30
52308;29
52309;4
52310;4
52311;4
52312;3
52313;23
52314;4
52315;22
52316;4
52317;23
52318;18
52331;4
52332;26
52333;18
52334;3
52335;4
52336;53
52337;4
52338;8
52340;12
52341;36
52342;3
52343;22
52344;4
52345;22
52346;4
52471;7
52471;2
52531;12
52532;11
52533;3
52536;36
52537;3
52538;24
52539;46
52551;8
52552;7
52553;2
52554;8
52571;23
52572;3
52591;28
52592;18
52594;4
52595;4
52596;59
52597;34
52598;38
52599;18
52600;18
52611;4
52613;11
52614;22
52615;18
52617;4
52618;4
52620;4
52621;23
52622;4
52623;4
52624;8
52631;24
52632;36
52633;12
52634;17
52635;3
52636;7
52637;3
52638;18
52639;2
52640;8
52651;17
52652;3
52653;2
52654;3
52671;6
52672;29
52673;36
52674;27
52675;2
52676;17
52691;3
52692;37
52693;12
52694;2
52695;2
52696;6
52697;34
52698;3
52699;29
52700;29
52713;4
52714;29
52715;58
52716;4
52717;4
52718;8
52719;4
52720;23
52721;4
52722;8
52723;29
52724;29
52725;29
52726;18
52727;11
52728;4
52729;4
52730;3
52731;3
52751;3
52752;4
52753;3
52754;53
52755;4
52757;4
52758;18
52759;3
52760;18
52761;18
52762;18
52763;4
52764;4
52779;2
52793;3
52811;6
52812;6
52813;13
52814;6
52815;6
52816;3
52817;3
52818;2
52819;6
52831;6
52832;6
52833;7
52833;2
52834;29
52835;29
52836;6
52837;12
52838;6
52839;2
52840;7
52841;8
52843;8
52844;29
52845;23
52846;29
52847;34
52848;31
52849;20
52850;3
52851;3
52852;4
52853;29
52854;23
52855;4
52856;4
52857;23
52858;31
52871;4
52872;2
52873;36
52874;6
52875;3
52876;36
52933;3
52934;6
52935;2
52936;20
52937;17
52938;2
52939;6
52940;12
52941;29
52942;14
52943;22
52944;37
52945;3
52946;12
52947;17
52948;2
52950;4
52951;4
52952;49
52953;31
52954;3
52955;29
52956;29
52958;12
52959;4
52967;2
52968;3
52970;6
52971;2
52972;5
52973;6
52974;6
52975;6
52976;3
52977;2
52978;12
52979;3
52980;12
52981;3
52982;12
52983;6
52984;6
52987;6
52988;13
52989;17
52990;8
52991;8
52992;39
52993;41
52994;8
52995;3
52996;3
52997;3
52998;4
52999;4
53000;18
53001;47
53002;18
53003;34
53004;8
53005;4
53006;4
53007;2
53008;4
53009;53
53010;28
53012;4
53061;4
53062;4
53063;31
53064;18
53065;23
53066;3
53067;3
53068;18
53069;18
53070;18
53071;18
53072;23
53073;8
53074;4
53075;18
53076;24
53077;23
53078;8
53079;23
53080;24
53081;4
53082;23
53104;24
53105;20
53106;3
53107;34
53108;2
53109;8
53110;38
53111;6
53112;29
53113;22
53114;2
53115;6
53116;6
53117;3
53118;2
53119;36
53120;2
53121;18
53122;4
53123;20
53124;26
53125;29
53126;41
53127;23
53128;20
53129;18
53130;10
53131;8
53132;20
53133;18
53148;2
53149;12
53150;6
53151;2
53152;11
53153;23
53154;4
53164;2
53165;12
53166;29
53167;4
53168;8
53169;29
53170;20
53175;34
53176;11
53177;3
53178;6
53179;3
53180;3
53181;12
53182;5
53183;27
53184;3
53185;29
53186;34
53187;8
53188;4
53189;29
53190;20
53191;3
53192;6
53193;6
53194;27
53195;19
53196;8
53197;3
53198;2
53199;6
53200;2
53201;7
53202;29
53203;42
53204;53
53205;29
53206;29
53207;31
53208;4
53209;3
53210;27
53211;28
53212;4
53213;4
53222;3
53223;2
53224;3
53225;2
53226;4
53227;4
53228;4
53229;18
53230;18
53231;6
53232;3
53233;2
53234;3
53235;6
53236;3
53237;6
53238;12
53239;18
53240;4
53241;4
53247;3
53248;23
53254;12
53255;36
53256;12
53257;2
53258;3
53259;12
53260;3
53261;47
53262;12
53263;13
53264;3
53265;25
53266;17
53267;29
53268;25
53269;12
53270;3
53271;8
53272;17
53273;3
53274;3
53275;29
53276;29
53277;31
53278;4
53279;14
53280;4
53281;23
53282;37
53283;4
53284;4
53285;8
53286;23
53287;3
53288;18
53289;34
53290;49
53306;45
53307;6
53308;6
53309;3
53310;4
53311;20
53312;18
53313;34
53314;23
53315;4
53316;23
53317;4
53318;18
53323;12
53324;17
53325;2
53326;40
53327;3
53328;12
53330;18
53331;45
53332;18
53333;2
53339;2
53340;29
53341;6
53342;17
53343;18
53344;3
53345;23
53346;4
53347;34
53348;4
53349;34
53351;18
53354;4
53355;29
53356;2
53357;8
53358;12
53359;42
53360;3
53361;2
53362;8
53363;18
53364;4
53370;6
53371;18
53372;6
53373;2
53374;3
53375;6
53376;6
53377;13
53378;12
53379;18
53380;3
53381;3
53382;3
53385;8
53386;23
53387;4
53388;4
53389;28
53390;25
53391;4
53392;23
53402;8
53410;8
53411;8
53412;11
53413;29
53416;4
53417;4
53418;36
53419;2
53420;4
53421;12
53422;4
53423;13
53424;11
53426;2
53427;3
53428;13
53430;10
53431;6
53432;23
53433;6
53434;2
53435;12
53436;2
53437;36
53438;12
53440;18
53441;41
53442;29
53449;4
53450;4
53451;4
53452;18
53453;23
53454;4
53455;3
53462;2
53463;17
53465;6
53466;8
53467;12
53468;3
53469;3
53470;6
53471;2
53472;12
53473;56
53474;17
53475;4
53476;4
53477;29
53478;29
53480;18
53481;18
53482;6
53483;4
53484;3
53485;50
53486;2
53487;2
53488;6
53489;14
53490;3
53491;3
53492;29
53493;11
53494;2
53495;2
53496;8
53497;6
53498;25
53499;25
53500;6
53501;36
53502;3
53503;31
53504;18
53505;18
53506;32
53507;18
53508;49
53509;3
53510;4
53511;4
53512;8
53513;18
53514;4
53515;38
53516;3
53517;4
53518;4
53519;2
53520;18
53524;20
53532;4
53533;4
53534;18
53543;6
53545;4
53546;6
53547;6
53550;12
53551;2
53552;7
53552;2
53553;3
53554;3
53555;6
53556;56
53557;3
53558;2
53559;18
53560;47
53561;6
53562;12
53563;3
53564;6
53565;18
53566;27
53567;26
53568;8
53569;31
53570;3
53571;2
53572;6
53573;8
53574;17
53575;31
53576;3
53577;3
53578;3
53579;6
53580;6
53581;2
53582;18
53583;23
53584;24
53585;18
53586;4
53587;23
53589;4
53590;4
53591;3
53592;4
53593;18
53594;11
53595;27
53596;34
53597;4
53598;31
53599;4
53601;29
53602;18
53603;23
53604;8
53605;4
53606;4
53607;12
53608;46
53609;4
53610;49
53611;28
53618;18
53625;45
53626;7
53626;2
53627;3
53628;3
53629;3
53630;4
53631;3
53633;3
53634;3
53635;4
53636;8
53637;4
53638;23
53639;23
53640;24
60600;20
60601;31
60602;31
60603;34
60604;4
60605;11
60608;4
60609;2
60610;4
60611;20
60612;2
60613;45
60615;13
60616;6
60620;2
60625;2
60629;42
60630;42
60631;6
60632;3
60634;6
60636;4
60637;2
60639;47
60640;4
60641;4
60642;36
60645;17
60649;3
60651;3
60653;8
60657;4
60659;4
60660;25
60661;6
60662;60
60664;6
60665;17
60667;14
60668;8
60669;24
60671;8
60672;23
60676;12
60677;2
60679;29
60681;13
60682;2
60686;3
60688;3
60689;3
60690;4
60691;7
60691;2
60692;3
60693;36
60694;6
60696;8
60697;38
60708;18
60709;8
60710;18
60711;4
60712;31
60713;3
60721;23
60721;6
60725;4
60726;22
60727;4
60728;3
60729;2
60730;18
60732;2
60734;6
60735;3
60738;2
60739;4
60740;41
60741;4
60745;24
60749;34
60751;11
60752;2
60753;36
60756;17
60767;3
60768;3
60769;3
60770;5
60783;12
60784;4
60785;3
60787;22
60790;3
60792;3
60793;3
60800;45
60802;36
60805;4
60808;4
60809;4
60810;4
60811;10
60817;3
60819;29
60836;18
60837;23
60841;3
60844;25
60845;12
60846;22
60847;4
60849;3
60853;24
60857;23
60859;2
60861;12
60862;34
60864;27
60867;20
60869;10
60870;49
60872;6
60877;4
60878;3
60881;2
60882;6
60883;27
60892;2
60894;3
60897;12
60903;36
60904;29
60914;3
60917;52
60922;17
60924;7
60924;2
60925;27
60927;10
60929;4
60930;3
60936;18
60944;4
60947;46
60948;18
60949;11
60951;6
60954;20
60955;6
60956;25
60966;18
60972;18
60974;3
60975;2
60976;18
60980;6
60981;7
60981;2
60983;6
60984;6
60988;12
60991;3
60992;23
60994;23
60996;61
60997;3
60998;4
61000;22
61001;25
61002;18
61003;12
61004;2
61006;4
61007;27
61008;19
61009;30
61010;2
61011;14
61012;42
61014;22
61015;3
61025;3
61030;4
61031;6
61033;14
61037;4
61042;12
61043;8
61051;17
61052;4
61053;6
61070;13
61071;12
61073;30
61075;52
61079;14
61080;13
65180;3
65185;4
65186;36
65190;18
65192;18
65198;12
65200;29
65202;2
65203;8
65210;6
65218;6
65229;20
65237;25
65244;3
65255;6
65259;20
65262;4
65270;11
65272;28
65275;28
65288;4
65289;31
65290;28
65292;61
65293;8
65312;45
65318;2
65321;11
65324;18
65330;3
65337;2
65358;3
65359;2
65360;45
65367;3
65372;18
65380;3
65383;56
65389;23
65392;2
65394;6
65397;29
65399;49
65412;4
65413;13
65414;3
65418;23
65420;61
65421;12
65422;4
65424;2
65425;3
65426;4
65441;3
65443;27
65445;46
65446;4
65448;3
65450;3
65459;18
65460;4
65461;29
65469;13
65471;6
65483;4
65487;23
65490;3
65491;13
65492;8
65493;8
65494;10
65496;29
65507;3
65509;14
65512;4
65516;4
65518;18
65519;4
65528;18
65530;22
65536;12
65543;18
65545;4
65546;3
65548;62
65548;63
65563;47
65569;3
65572;3
65575;11
65589;38
65622;2
65623;4
65627;3
65632;6
65633;5
65653;25
65659;23
65660;4
65662;61
65674;4
65679;4
65684;37
65693;10
65694;6
65695;20
65713;17
65714;24
65715;20
65716;2
65717;42
65722;6
65724;3
65736;48
65741;8
65743;64
65745;18
65749;14
65750;36
65754;3
65757;23
65758;29
65765;28
65766;23
65768;4
65770;23
65771;2
65774;6
65794;36
65795;13
65797;38
65799;18
65800;32
65808;12
65809;6
65810;12
65813;18
65815;3
65818;20
65820;4
65824;4
65825;5
65827;3
65831;32
65834;12
65835;7
65835;2
65839;12
65840;11
65843;2
65844;24
65854;18
65863;6
65864;3
65865;3
65866;52
65867;5
65876;28
65878;18
65890;28
65892;2
65893;6
65916;23
65920;4
65921;39
65922;27
65923;3
65929;6
65931;18
65934;6
65936;4
65953;4
65963;61
65972;18
65974;4
65978;7
65980;3
65981;34
65982;3
65984;11
65990;3
65994;4
65998;4
66005;8
66007;18
66019;18
66020;18
66021;4
66022;6
66034;17
66036;4
66037;4
66039;4
66048;8
66049;12
66050;47
66051;2
66064;26
66065;12
66066;12
66073;26
66075;24
66076;3
66078;6
66081;4
66082;28
66083;8
66084;27
66086;3
66088;23
66089;18
66090;2
66093;14
66094;3
66100;6
66109;18
66121;2
66127;2
66128;6
66129;23
66131;3
66140;18
66145;18
66155;11
66156;36
66158;18
66159;6
66160;5
66192;7
66197;34
66198;6
66199;27
66203;17
66204;2
66210;29
66215;12
66216;2
66221;3
66222;6
66223;7
66223;2
66244;12
66247;8
66250;18
66253;12
66261;24
66262;5
66263;18
66265;12
66270;4
66271;4
66272;3
66273;23
66274;29
66278;6
66281;30
66282;5
66287;23
66290;29
66298;18
66300;8
66301;20
66309;6
66310;6
66321;18
66323;18
66324;25
66325;4
66329;31
66332;6
66333;6
66334;2
66335;6
66342;44
66349;3
66350;8
66352;6
66362;12
66368;4
66378;8
66382;27
66385;43
66394;8
66395;4
66397;6
66405;4
66406;6
66409;23
66412;4
66414;4
66417;12
66427;27
66430;18
66431;41
66432;65
66434;23
66437;18
66440;23
66443;3
66444;7
66444;38
66444;2
66445;39
66446;6
66449;19
66450;14
66451;6
66454;18
66455;18
66457;13
66477;12
66489;6
66500;29
66503;12
66508;23
66509;13
66510;3
66512;4
66514;8
66516;18
66521;18
66522;17
66524;4
66525;8
66527;4
66529;17
66531;2
66532;3
66536;23
66539;18
66541;12
66543;19
66544;29
66549;12
66550;2
66551;4
66552;34
66555;2
66556;8
66557;3
66559;2
66562;4
66566;29
66570;23
66578;41
66579;49
66582;18
66585;17
66592;8
66594;4
66595;18
66597;4
66607;3
66608;4
66609;3
66613;45
66616;12
66623;4
66624;18
66639;12
66640;2
66645;17
66646;45
66650;12
66654;12
66655;17
66660;29
66662;4
66665;27
66667;27
66669;8
66670;18
66674;3
66675;7
66679;13
66682;18
66684;18
66685;6
66695;14
66696;10
66697;4
66700;4
66703;34
66707;29
66708;3
66711;20
66717;18
66721;19
66723;24
66725;18
66729;18
66730;23
66731;23
66735;26
66739;3
66740;18
66741;29
66742;2
66743;27
66745;18
66746;8
66757;24
66758;23
66759;20
66760;18
66762;3
66766;18
66769;18
66770;10
66771;4
66773;18
66777;23
66779;17
66780;8
66786;2
66787;14
66788;4
66791;4
66792;4
66800;36
66801;36
66807;18
66809;23
66810;6
66816;3
66824;41
66826;27
66838;29
66839;18
66842;20
66843;25
66844;29
66846;18
66854;43
66860;29
66866;18
66872;7
66873;4
66874;18
66878;4
66879;31
66880;3
66881;29
66891;29
66895;29
66903;4
66907;17
66911;20
66916;18
66922;23
66924;29
66925;29
66934;4
66937;4
66952;11
66953;3
66957;52
66962;25
66970;27
66971;23
66972;2
66973;4
66974;34
66977;8
66979;3
66980;31
66987;3
66988;12
66989;4
66991;22
67003;4
67005;4
67008;29
67009;61
67010;18
67011;2
67022;31
67028;18
67034;29
67038;15
67040;3
67047;3
67048;4
67053;4
67054;3
67055;29
67058;3
67066;25
67068;9
67075;3
67077;20
67078;8
67086;10
67096;23
67098;2
67100;8
67101;31
67114;3
67118;2
67119;31
67121;29
67127;1
67129;27
67136;8
67137;3
67139;2
67140;4
67142;45
67152;40
67155;23
67158;23
67159;23
67163;18
77200;6
77202;7
77203;29
77205;18
77206;6
77208;4
77209;28
77211;15
77213;12
77230;18
77239;34
77244;2
77245;4
77247;18
77248;8
77249;2
77250;29
77251;3
77252;36
77255;12
77256;4
77257;18
77258;26
77259;14
77264;13
77265;3
77267;7
77267;2
77271;57
77276;47
77276;7
77277;14
77278;8
77281;22
77285;18
77288;18
77289;13
77294;4
77296;20
77297;2
77298;20
77299;12
77301;18
77303;26
77304;6
77306;3
77307;29
77311;3
77312;24
77314;18
77315;18
77316;7
77320;25
77322;29
77323;31
77324;2
77327;40
77329;4
77331;27
77333;6
77337;12
77338;18
77345;6
77348;23
77349;14
77351;7
77352;4
77353;5
77354;3
77357;3
77360;12
77364;4
77368;4
77371;4
77375;17
77377;4
77378;25
77386;6
77388;4
77391;25
77394;3
77395;20
77398;36
77399;3
77401;18
77402;18
77404;3
77407;5
77410;3
77413;2
77414;18
77421;18
77424;29
77429;3
77431;4
77437;3
77438;24
77439;5
77441;7
77446;3
77447;6
77449;49
77450;6
77452;17
77454;2
77470;2
77474;27
77475;36
77483;18
77487;2
77492;28
77494;61
77495;3
77498;39
77500;2
77501;4
77502;7
77503;13
77504;18
77505;7
77507;4
77510;18
77513;18
77515;18
77521;13
77522;36
77524;18
77535;37
77536;28
77537;18
77542;8
77544;3
77550;18
77552;23
77553;34
77554;3
77556;18
77562;3
77565;14
77568;11
77569;18
77571;2
77572;13
77573;4
77575;3
77576;6
77580;3
77581;17
77586;18
77587;23
77594;2
77595;3
77602;7
77603;3
77607;3
77608;3
77610;18
77612;6
77614;2
77616;3
77617;4
77622;20
77627;4
77630;29
77631;13
77632;3
77636;29
77637;18
77638;36
77639;36
77640;6
77641;18
77642;47
77643;38
77649;5
77650;2
77653;2
77656;4
77657;5
77660;6
77661;23
77663;61
77666;42
77667;3
77667;6
77670;6
77672;7
77672;2
77673;2
77675;24
77676;23
77678;56
77679;3
77680;5
77682;23
77684;2
77685;2
77686;42
77687;5
77688;8
77689;7
77689;2
77690;6
77691;6
77693;3
77694;25
77695;29
77695;33
77696;57
77696;7
77697;7
77698;5
77699;6
77700;6
77701;8
77702;52
77703;5
77704;28
77705;14
77707;18
77710;6
77716;8
77717;25
77718;19
77719;23
77724;2
77726;15
77728;66
77729;67
77730;18
77731;24
77732;36
77733;3
77734;2
77736;57
77740;18
77741;12
77742;5
77743;3
77747;23
77749;17
77750;5
77751;24
77752;3
77753;3
77754;2
77755;56
77756;5
77757;14
77761;8
77763;18
77764;18
77765;27
77766;2
77768;3
77769;4
77770;17
77771;3
77773;45
77774;4
77775;4
77778;5
77779;18
77780;21
77781;46
77782;29
77784;8
77785;56
77786;6
77787;33
77789;7
77789;2
77790;5
77791;10
77792;3
77793;45
77794;18
77800;18
77803;61
77805;3
77807;57
77807;7
77808;13
77809;13
77814;18
77816;13
77818;4
77819;27
77820;3
77823;68
77826;7
77827;30
77830;2
77832;32
77835;24
77836;8
77838;24
77839;18
77840;2
77841;3
77842;4
77846;31
77847;17
77848;12
77849;3
77850;3
77851;14
77852;6
77853;6
77856;62
77857;34
77859;29
77860;3
77861;4
77862;24
77863;69
77864;6
77865;11
77866;12
77867;2
77868;6
77871;34
77872;3
77875;8
77877;18
77878;5
77878;6
77886;8
77890;18
77891;18
77893;6
77894;18
77895;6
77896;5
77898;18
77899;4
77900;3
77901;8
77903;24
77904;7
77905;3
77909;18
77910;36
77911;13
77916;52
77917;3
77918;3
77919;3
77921;68
77923;8
77924;4
77930;31
77933;7
77934;2
77935;18
77936;3
77939;4
77940;18
77942;8
77943;8
77944;8
77946;20
77957;31
77958;3
77961;18
77963;62
77966;69
77967;57
77969;18
77974;3
77975;4
77977;3
77978;18
77980;18
77981;59
77985;29
77987;28
77989;4
77991;18
77993;27
77994;36
77995;13
77996;4
78004;8
78006;6
78008;12
78010;20
78011;27
78013;14
78014;12
78015;4
78018;7
78018;2
78019;8
78020;69
78021;34
78023;7
78023;2
78024;26
78025;36
78026;4
78028;13
78031;22
78032;3
78033;8
78034;70
78035;22
78036;6
78037;29
78041;18
78042;2
78045;67
78051;68
78052;2
78053;18
78054;6
78055;8
78057;18
78058;36
78058;45
78061;4
78066;27
78067;20
78071;46
78072;28
78075;18
78076;3
78078;68
78079;6
78080;36
78081;2
78082;18
78084;18
78085;4
78088;34
78089;69
78091;18
78093;8
78094;34
78095;29
78098;28
78099;3
78102;5
78103;1
78105;29
78108;12
78109;8
78110;8
78110;7
78111;3
78117;13
78121;7
78123;13
78125;8
78134;4
78137;8
78138;4
78140;23
78141;31
78143;8
78144;23
78146;4
78147;55
78149;68
78152;67
78153;4
78154;36
78157;38
78158;36
78160;3
78161;64
78162;14
78163;18
78165;34
78171;7
78172;18
78174;18
78175;42
78175;27
78176;14
78181;1
78182;3
78183;45
78184;4
78185;4
78186;18
78187;20
78188;4
78189;18
78192;3
78198;7
78200;21
78200;7
78201;8
78202;2
78203;61
78204;67
78205;18
78206;8
78207;63
78208;18
78213;3
78214;18
78220;4
78228;8
78230;27
78231;3
78233;57
78235;29
78237;18
78238;3
78239;3
78240;13
78241;3
78243;36
78246;24
78247;18
78249;46
78254;20
78256;47
78258;62
78260;68
78263;7
78263;18
78264;8
78266;18
78273;8
78274;68
78275;24
78276;3
78278;8
78281;4
78282;5
78282;6
78283;21
78283;6
78284;24
78287;3
78289;6
78291;3
78292;29
78293;32
78295;4
78296;7
78298;20
78300;24
78306;54
78308;27
78309;4
78310;4
78311;17
78312;27
78313;3
78314;12
78315;49
78316;18
78317;36
78318;62
78320;8
78321;11
78322;4
78324;56
78325;4
78326;28
78330;3
78332;7
78333;45
78334;8
78336;28
78337;12
78338;14
78339;5
78340;28
78341;7
78342;6
78343;13
78344;3
78347;36
78348;27
78349;18
78350;51
78350;45
78351;18
78352;7
78353;14
78354;18
78356;36
78357;18
78359;3
78360;18
78363;3
78366;8
78367;8
78368;27
78370;5
78371;2
78372;3
78373;38
78374;71
78375;29
78379;13
78380;18
78383;26
78384;4
78387;3
78388;7
78390;5
78390;6
78391;18
78394;45
78396;36
78397;8
78397;7
78405;3
78406;28
78407;3
78408;31
78409;4
78410;41
78411;22
78412;7
78416;29
78418;18
78426;7
78427;68
78428;3
78429;6
78430;5
78432;51
78433;3
78435;23
78437;5
78438;6
78439;36
78442;43
78444;3
78445;3
78454;57
78455;5
78459;24
78460;40
78461;34
78467;25
78468;3
78469;48
78471;4
78472;7
78478;6
78479;5
78483;38
78485;12
78488;33
78489;24
78492;4
78493;71
78494;5
78496;8
78497;24
78498;8
78499;31
78513;5
78514;8
78514;7
78516;14
78517;20
78518;2
78520;18
78522;5
78523;4
78524;14
78525;6
78526;4
78527;72
78528;12
78529;28
78530;4
78531;3
78532;3
78533;14
78535;17
78536;18
78538;3
78540;18
78542;11
78544;4
78546;38
78548;3
78549;19
78550;6
78551;6
78552;18
78553;71
78554;8
78556;4
78557;3
78559;4
78560;18
78562;18
78563;3
78564;73
78568;20
78570;18
78571;57
78572;17
78575;7
78575;2
78576;18
78578;29
78579;3
78580;18
78582;5
78583;19
78585;18
78586;4
78587;5
78588;3
78589;26
78590;38
78591;61
78593;8
78595;6
78596;3
78597;31
78599;17
78601;18
78603;34
78604;26
78605;8
78605;7
78607;5
78608;57
78609;5
78610;5
78610;6
78612;13
78616;3
78617;12
78619;12
78620;3
78623;3
78624;34
78625;18
78626;6
78627;7
78628;31
78629;43
78631;29
78632;8
78635;68
78636;26
78637;23
78638;71
78640;3
78641;3
78643;7
78645;24
78650;4
78651;68
78652;7
78653;36
78655;67
78655;7
78656;6
78657;40
78661;29
78662;3
78665;7
78669;18
78673;4
78674;2
78683;59
78684;41
78695;69
78696;4
78697;57
78698;8
78699;7
78700;3
78701;3
78702;20
78703;6
78704;4
78706;3
78707;3
78708;18
78709;3
78710;5
78711;27
78712;45
78713;23
78714;12
78714;7
78715;36
78716;4
78717;6
78718;18
78719;3
78720;4
78721;4
78722;45
78723;26
78724;18
78725;11
78726;3
78727;2
78728;36
78730;57
78731;4
78732;17
78733;18
78735;40
78737;71
78738;36
78740;18
78741;18
78742;7
78743;8
78743;7
78744;3
78745;6
78746;6
78747;3
78748;8
78748;7
78749;7
78749;2
78750;7
78750;2
78751;25
78752;8
78753;64
78754;7
78755;36
78756;2
78757;36
78758;13
78759;74
78760;8
78761;7
78762;40
78763;24
78764;13
78765;3
78766;8
78767;3
78768;2
78768;25
78769;3
78770;6
78771;37
78772;6
78773;7
78773;59
78774;12
78775;2
78776;12
78777;17
78778;13
78779;5
78780;12
78780;7
78780;2
78781;3
78782;3
78783;6
78784;17
78785;3
78786;45
78787;6
78788;3
78789;3
78790;8
78792;3
78793;3
78793;6
78795;12
78796;36
78797;18
78798;19
78799;22
78800;6
78810;75
78811;8
78812;36
78813;3
78814;18
78816;8
78817;7
78818;6
78819;8
78820;20
78821;54
78822;18
78823;13
78824;20
78826;4
78828;29
78830;36
78831;3
78832;42
78833;13
78834;3
78835;8
78836;36
78837;36
78838;7
78838;3
78839;61
78855;68
78856;23
78857;18
78858;11
78859;23
78860;24
78861;27
78862;68
78863;68
78864;18
78865;76
78866;13
78867;29
78868;8
78869;33
78870;5
78872;18
78873;4
78874;23
78875;18
78876;18
78877;5
78878;74
78879;7
78879;18
78879;2
78880;18
78881;3
78882;68
78883;29
78884;68
78885;8
78886;4
78887;8
78888;11
78889;3
78890;18
78891;18
78892;8
78893;13
78894;2
78895;23
78896;13
78897;22
78898;7
78899;18
78900;3
78901;4
78902;62
78903;18
78904;77
78904;4
78904;7
78905;29
78906;36
78907;61
78908;3
78909;69
78910;18
78911;18
78912;29
78913;3
78914;29
78915;32
78916;18
78917;18
78918;3
78919;18
78920;2
78921;38
78922;69
78923;8
78924;18
78925;3
78926;13
78927;10
78928;3
78929;8
78930;18
78932;5
78933;68
78934;18
78935;59
78936;18
78937;27
78938;68
78939;68
78940;62
78941;5
78942;75
78943;8
78944;8
78945;8
78945;7
78946;27
78947;24
78948;8
78949;27
78950;29
78951;34
78952;19
78953;18
78954;18
78955;18
78956;4
78957;43
78958;18
78959;15
78960;18
78961;8
78962;18
78963;3
78964;20
78965;18
78966;50
78967;3
78968;27
78969;18
78970;18
78971;18
78972;13
78973;18
78974;21
78975;57
78976;18
78977;75
78978;18
78979;18
78980;7
78981;7
78981;2
78982;18
78983;34
78984;4
78985;13
78986;23
78987;40
78988;4
78989;18
78990;59
78990;2
78991;8
78992;33
78993;7
78994;13
78995;8
78996;3
78997;4
78998;7
78999;3
79000;71
79001;12
79002;18
79003;2
79004;2
79005;34
79006;8
79007;3
79008;38
79009;18
79010;78
79011;18
79012;54
79013;57
79014;8
79015;4
79016;4
79017;11
79018;68
79019;4
79020;75
79021;24
79022;23
79023;65
79024;5
79025;4
79025;2
79026;4
79027;3
79028;18
79029;75
79030;8
79032;45
79033;13
79034;2
79035;5
79036;5
79036;6
79037;8
79038;8
79039;8
79042;17
79043;2
79044;3
79044;25
79045;3
79048;3
79048;5
79049;3
79050;3
79051;23
79052;18
79054;18
79055;3
79056;18
79057;12
79059;36
79060;12
79061;36
79062;7
79063;36
79064;27
79066;22
79067;22
79068;18
79070;18
79071;65
79072;26
79073;18
79074;18
79075;18
79076;4
79077;18
79078;55
79079;18
79080;23
79081;4
79082;18
79083;10
79085;23
79086;8
79087;38
79088;8
79089;22
79094;4
79096;8
79097;17
79098;6
79099;3
79100;2
79101;28
79102;7
79102;2
79104;36
79105;36
79106;29
79107;36
79109;77
79110;33
79111;3
79115;12
79117;36
79118;8
79119;36
79120;5
79121;53
79123;36
79124;5
79124;6
79125;16
79126;3
79127;3
79128;17
79129;69
79130;8
79131;12
79132;36
79134;7
79135;18
79136;18
79137;27
79138;27
79140;18
79141;18
79142;18
79143;38
79147;23
79148;18
79149;10
79153;18
79154;18
79155;12
79155;7
79156;3
79157;18
79158;2
79160;18
79161;18
79162;4
79164;8
79165;18
79166;18
79167;3
79168;8
79169;30
79170;18
79171;54
79172;18
79173;64
79175;18
79176;3
79177;18
79178;13
79179;6
79180;5
79180;6
79182;28
79183;8
79184;2
79185;3
79186;8
79195;3
79196;3
79197;57
79198;5
79199;5
79201;2
79203;18
79204;29
79206;71
79206;6
79207;3
79210;71
79211;3
79212;3
79213;2
79214;3
79215;3
79216;13
79217;23
79218;4
79220;3
79221;4
79222;4
79223;17
79224;24
79225;23
79226;39
79228;6
79230;7
79230;2
79231;61
79232;12
79233;11
79234;36
79235;3
79236;4
79237;14
79238;4
79240;47
79241;8
79242;3
79243;13
79244;18
79245;30
79246;18
79247;18
79248;2
79249;18
79250;18
79251;3
79252;18
79253;18
79255;18
79256;3
79257;2
79259;7
79259;2
79261;18
79262;28
79263;5
79265;36
79266;3
79267;8
79268;18
79269;18
79270;18
79272;7
79273;11
79274;8
79275;29
79276;2
79277;3
79278;18
79279;4
79281;79
79282;6
79283;4
79284;21
79285;6
79286;18
79287;18
79288;18
79289;3
79291;18
79292;18
79293;18
79294;13
79296;18
79297;18
79298;40
79299;27
79300;57
79301;45
79302;5
79302;6
79303;8
79304;4
79305;8
79307;3
79308;3
79309;3
79313;14
79314;23
79315;36
79316;3
79317;7
79318;4
79319;18
79321;23
79323;2
79324;23
79325;3
79326;59
79326;6
79327;6
79328;4
79329;8
79330;14
79331;8
79332;8
79333;8
79338;24
79339;16
79339;59
79340;7
79341;3
79342;23
79344;29
79345;8
79346;3
79347;36
79349;32
79350;34
79351;8
79355;61
79356;17
79356;27
79357;23
79358;7
79358;3
79359;36
79360;4
79361;5
79362;7
79363;6
79365;3
79365;6
79366;29
79367;18
79368;8
79371;19
79372;24
79378;3
79380;18
79381;23
79383;4
79384;59
79385;7
79386;7
79386;2
79388;4
79391;57
79392;23
79393;37
79395;10
79396;50
79397;5
79397;6
79398;4
79399;12
79400;23
79402;3
79403;71
79404;36
79405;3
79406;28
79407;6
79412;3
79414;3
79414;2
79415;3
79419;3
79420;34
79422;3
79423;6
79424;4
79425;3
79427;4
79428;3
79429;2
79430;6
79431;3
79432;36
79434;30
79436;1
79437;3
79437;6
79438;7
79439;61
79440;24
79441;54
79444;34
79445;36
79446;44
79447;3
79448;7
79449;3
79450;8
79451;36
79453;13
79454;47
79455;36
79456;7
79456;2
79457;36
79458;11
79460;45
79461;43
79462;4
79464;10
79465;25
79466;2
79467;8
79468;23
79469;43
79470;18
79471;18
79472;27
79474;7
79475;31
79477;26
79478;8
79479;4
79481;8
79482;4
79483;7
79484;3
79485;4
79486;6
79487;4
79488;14
79489;3
79490;36
79491;8
79492;2
79493;5
79494;17
79495;3
79496;49
79497;5
79497;6
79498;7
79498;13
79499;18
79500;7
79501;4
79502;6
79503;3
79504;8
79505;63
79505;7
79507;18
79508;4
79509;13
79510;6
79511;3
79512;8
79514;18
79515;12
79516;4
79517;3
79518;36
79519;17
79520;3
79521;34
79522;63
79523;77
79523;7
79524;7
79525;3
79527;3
79528;8
79529;43
79530;6
79531;54
79532;4
79532;7
79534;18
79536;24
79537;18
79538;8
79539;18
79540;3
79541;3
79542;36
79543;25
79544;36
79545;74
79546;63
79547;26
79548;4
79550;8
79552;12
79554;4
79555;6
79556;18
79559;25
79563;3
79564;6
79565;3
79566;23
79567;40
79568;3
79569;18
79570;27
79571;18
79572;5
79573;27
79574;12
79575;4
79577;4
79580;6
79582;18
79584;65
79585;4
79586;4
79587;3
79588;10
79589;22
79591;3
79592;13
79593;24
79595;5
79595;6
79598;36
79599;3
79600;12
79601;4
79605;3
79606;4
79607;3
79608;36
79609;22
79617;7
79617;18
79618;23
79619;57
79620;57
79620;7
79620;2
79621;6
79623;59
79624;18
79625;12
79625;3
79626;8
79627;3
79627;6
79632;57
79634;18
79636;3
79637;23
79639;4
79640;25
79641;71
79644;4
79645;36
79646;18
79647;8
79648;4
79649;18
79650;59
79651;7
79651;18
79651;2
79652;18
79657;34
79663;29
79664;12
79665;34
79666;4
79667;29
79668;34
79669;36
79670;4
79671;3
79672;4
79672;38
79673;21
79673;18
79674;4
79674;37
79675;74
79678;36
79679;34
79680;3
79681;5
79683;4
79684;4
79685;52
79687;18
79688;4
79689;25
79690;8
79691;3
79692;25
79694;18
79696;2
79697;6
79698;18
79699;34
79700;18
79701;3
79702;3
79703;30
79704;54
79705;3
79706;4
79707;18
79708;18
79709;18
79710;18
79711;23
79712;7
79712;13
79713;17
79714;31
79716;5
79717;5
79718;7
79719;3
79720;17
79722;17
79723;3
79724;80
79725;18
79726;18
79727;4
79728;3
79729;27
79730;34
79737;3
79738;12
79739;61
79740;3
79741;3
79742;3
79743;45
79744;18
79745;23
79746;23
79748;7
79749;3
79750;4
79751;7
79752;23
79753;7
79754;7
79754;2
79755;36
79756;27
79757;3
79758;23
79759;18
79766;8
79766;7
79769;8
79769;7
79770;4
79776;7
79784;23
79785;18
79786;8
79787;18
79798;3
79799;7
79800;8
79801;14
79802;31
79803;29
79804;10
79805;57
79808;18
79809;18
79810;3
79811;6
79812;18
79814;3
79816;18
79818;7
79818;13
79819;14
79820;29
79821;23
79822;18
79823;45
79824;6
79825;3
79826;3
79827;38
79829;3
79830;29
79831;22
79833;3
79834;38
79835;18
79836;34
79837;19
79839;18
79840;6
79841;8
79843;4
79844;3
79845;4
79846;13
79847;14
79848;7
79848;2
79849;3
79850;63
79851;3
79852;3
79854;6
79857;12
79858;57
79859;3
79860;12
79862;18
79863;7
79863;2
79864;36
79865;3
79866;71
79867;4
79868;18
79869;18
79870;7
79871;5
79872;24
79874;36
79875;4
79876;10
79877;34
79878;10
79879;4
79880;18
79881;13
79882;3
79883;38
79885;3
79886;9
79887;4
79888;4
79889;7
79889;2
79890;3
79892;3
79893;17
79894;6
79897;68
79899;18
79901;30
79902;18
79903;5
79904;8
79905;34
79906;2
79907;3
79909;12
79910;5
79911;3
79912;18
79914;18
79916;52
79917;2
79919;18
79920;18
79921;63
79922;25
79924;14
79925;8
79926;18
79927;26
79943;57
79947;7
79947;6
79948;3
79949;25
79950;18
79951;4
79953;6
79954;23
79955;3
79956;36
79957;18
79958;18
79959;18
79960;18
79961;13
79962;8
79963;45
79966;12
79968;12
79969;3
79970;18
79971;2
79972;18
79973;81
79974;4
79975;14
79976;3
79977;3
79978;18
79979;21
79981;4
79982;6
79983;7
79985;3
79988;8
79989;8
79990;7
79990;38
79991;7
79991;2
79992;3
79994;5
79996;7
79996;2
79997;6
79999;36
80001;12
80002;36
80004;23
80005;3
80006;12
80007;3
80011;3
80012;18
80014;8
80014;13
80015;4
80017;8
80018;8
80019;2
80020;34
80021;3
80022;2
80023;18
80024;23
80025;18
80026;3
80027;18
80028;8
80029;26
80030;3
80031;3
80032;7
80033;36
80034;5
80035;74
80037;3
80038;18
80039;18
80040;4
80041;29
80042;25
80042;14
80043;4
80044;8
80045;4
80046;6
80048;4
80049;2
80050;6
80051;4
80052;4
80053;18
80055;24
80056;3
80058;3
80059;4
80061;18
80062;29
80063;8
80064;6
80065;7
80065;2
80066;18
80067;28
80068;34
80069;18
80070;18
80071;3
80072;3
80073;6
80074;5
80075;5
80076;5
80076;6
80077;27
80078;3
80079;3
80079;59
80080;15
80081;2
80082;4
80083;3
80084;25
80085;8
80086;51
80086;5
80086;6
80087;3
80088;29
80089;3
80090;18
80091;6
80092;17
80093;10
80094;4
80095;4
80096;6
80097;23
80098;34
80099;7
80099;2
80100;9
80101;3
80102;18
80103;36
80104;4
80105;80
80106;45
80108;18
80111;4
80112;4
80114;13
80115;18
80116;7
80116;2
80117;19
80119;3
80120;18
80121;18
80122;18
80123;18
80124;61
80127;22
80128;8
80129;4
80130;3
80131;3
80132;41
80133;18
80134;18
80135;18
80136;37
80137;13
80138;18
80139;18
80140;18
80141;2
80142;3
80143;7
80143;18
80144;37
80145;18
80146;29
80147;29
80148;29
80149;29
80150;45
80151;75
80151;61
80152;61
80154;36
80155;8
80156;7
80156;2
80158;18
80159;29
80160;18
80161;68
80162;74
80163;40
80164;3
80165;4
80166;13
80167;8
80168;3
80169;18
80170;18
80171;12
80172;7
80172;2
80173;8
80174;61
80175;12
80175;21
80176;6
80176;81
80177;12
80178;18
80179;8
80180;29
80181;3
80183;3
80184;4
80186;8
80187;4
80189;34
80190;3
80191;4
80192;28
80193;29
80194;4
80195;3
80197;18
80198;14
80199;23
80200;59
80201;13
80202;18
80203;3
80204;18
80205;18
80206;34
80207;3
80208;4
80209;4
80210;5
80212;27
80213;20
80216;4
80218;7
80219;3
80220;8
80221;25
80222;23
80224;74
80225;8
80226;22
80227;6
80228;8
80229;29
80230;39
80231;63
80233;17
80234;34
80235;4
80236;36
80237;3
80238;14
80239;8
80240;4
80242;18
80243;4
80244;4
80245;24
80247;3
80248;36
80249;18
80251;18
80252;36
80254;8
80255;8
80256;8
80257;36
80258;57
80258;7
80259;68
80260;18
80261;25
80262;7
80263;63
80265;63
80266;2
80267;8
80268;4
80269;68
80270;8
80271;8
80272;7
80272;2
80273;50
80274;68
80275;4
80276;68
80277;68
80278;3
80284;29
80285;36
80286;36
80287;18
80288;18
80289;7
80290;4
80291;18
80292;68
80294;6
80295;4
80296;18
80297;18
80298;13
80299;4
80300;68
80301;3
80302;7
80302;18
80303;23
80304;18
80305;13
80307;7
80308;57
80309;4
80310;5
80310;6
80311;3
80312;61
80312;27
80313;34
80314;7
80315;14
80316;18
80317;42
80323;23
80325;3
80326;18
80327;29
80328;3
80329;79
80330;21
80331;23
80332;23
80333;77
80334;65
80335;18
80336;63
80337;3
80338;33
80339;8
80341;40
80342;4
80343;2
80344;12
80345;49
80347;3
80348;17
80349;7
80349;2
80351;7
80351;2
80358;6
80359;25
80360;18
80361;7
80361;61
80362;52
80363;68
80364;75
80364;61
80365;6
80366;4
80367;7
80367;2
80368;13
80369;45
80371;49
80372;23
80373;3
80374;4
80374;3
80375;18
80376;18
80377;18
80378;65
80379;4
80380;24
80380;7
80381;23
80382;2
80383;6
80384;2
80385;18
80386;7
80387;36
80388;27
80389;4
80390;2
80390;13
80392;52
80393;25
80394;3
80395;8
80396;13
80397;7
80398;6
80399;18
80401;4
80402;18
80403;65
80404;27
80405;4
80406;3
80407;23
80408;23
80409;8
80410;3
80411;14
80412;53
80413;5
80414;24
80415;5
80416;3
80417;3
80418;3
80419;11
80420;3
80421;18
80422;3
80423;27
80424;3
80425;35
80426;3
80427;7
80428;5
80428;6
80429;25
80430;18
80431;23
80433;3
80434;5
80435;18
80436;43
80437;3
80438;10
80440;5
80440;6
80441;7
80441;2
80442;36
80443;30
80444;5
80445;8
80445;7
80446;42
80447;18
80448;7
80448;2
80450;7
80450;2
80451;4
80452;5
80452;6
80453;18
80454;7
80454;2
80455;7
80455;2
80456;8
80456;7
80457;13
80458;7
80458;2
80460;24
80461;8
80463;18
80465;3
80467;3
80468;54
